epoch,accuracy,loss,val_accuracy,val_loss
0,0.646233320236206,1.180678367614746,0.7285000085830688,0.8800106644630432
1,0.7378666400909424,0.8267993330955505,0.7526999711990356,0.7885013818740845
